ds,y
2013-09-17,5.5
2013-09-18,5.5
2013-09-19,5.5
2013-09-20,5.5
2013-09-23,5.5
2013-09-24,5.5
2013-09-25,5.5
2013-09-26,5.5
2013-09-27,5.5
2013-09-30,5.5
2013-10-01,5.5
2013-10-02,5.5
2013-10-03,5.5
2013-10-04,5.5
2013-10-07,5.5
2013-10-08,5.5
2013-10-09,5.5
2013-10-10,5.5
2013-10-11,5.5
2013-10-14,5.5
2013-10-15,5.5
2013-10-16,5.5
2013-10-17,5.5
2013-10-18,5.5
2013-10-21,5.5
2013-10-22,5.5
2013-10-23,5.5
2013-10-24,5.5
2013-10-25,5.5
2013-10-28,5.5
2013-10-29,5.5
2013-10-30,5.5
2013-10-31,5.5
2013-11-01,5.5
2013-11-05,5.5
2013-11-06,5.5
2013-11-07,5.5
2013-11-08,5.5
2013-11-11,5.5
2013-11-12,5.5
2013-11-13,5.5
2013-11-14,5.5
2013-11-15,5.5
2013-11-18,5.5
2013-11-19,5.5
2013-11-20,5.5
2013-11-21,5.5
2013-11-22,5.5
2013-11-25,5.5
2013-11-26,5.5
2013-11-27,5.5
2013-11-28,5.5
2013-11-29,5.5
2013-12-02,5.5
2013-12-03,5.5
2013-12-04,5.5
2013-12-05,5.5
2013-12-06,5.5
2013-12-09,5.5
2013-12-10,5.5
2013-12-11,5.5
2013-12-12,5.5
2013-12-13,5.5
2013-12-16,5.5
2013-12-17,5.5
2013-12-18,5.5
2013-12-19,5.5
2013-12-20,5.5
2013-12-23,5.5
2013-12-24,5.5
2013-12-25,5.5
2013-12-26,5.5
2013-12-27,5.5
2013-12-30,5.5
2013-12-31,5.5
2014-01-09,5.5
2014-01-10,5.5
2014-01-13,5.5
2014-01-14,5.5
2014-01-15,5.5
2014-01-16,5.5
2014-01-17,5.5
2014-01-20,5.5
2014-01-21,5.5
2014-01-22,5.5
2014-01-23,5.5
2014-01-24,5.5
2014-01-27,5.5
2014-01-28,5.5
2014-01-29,5.5
2014-01-30,5.5
2014-01-31,5.5
2014-02-03,5.5
2014-02-04,5.5
2014-02-05,5.5
2014-02-06,5.5
2014-02-07,5.5
2014-02-10,5.5
2014-02-11,5.5
2014-02-12,5.5
2014-02-13,5.5
2014-02-14,5.5
2014-02-17,5.5
2014-02-18,5.5
2014-02-19,5.5
2014-02-20,5.5
2014-02-21,5.5
2014-02-24,5.5
2014-02-25,5.5
2014-02-26,5.5
2014-02-27,5.5
2014-02-28,5.5
2014-03-03,7.0
2014-03-04,7.0
2014-03-05,7.0
2014-03-06,7.0
2014-03-07,7.0
2014-03-11,7.0
2014-03-12,7.0
2014-03-13,7.0
2014-03-14,7.0
2014-03-17,7.0
2014-03-18,7.0
2014-03-19,7.0
2014-03-20,7.0
2014-03-21,7.0
2014-03-24,7.0
2014-03-25,7.0
2014-03-26,7.0
2014-03-27,7.0
2014-03-28,7.0
2014-03-31,7.0
2014-04-01,7.0
2014-04-02,7.0
2014-04-03,7.0
2014-04-04,7.0
2014-04-07,7.0
2014-04-08,7.0
2014-04-09,7.0
2014-04-10,7.0
2014-04-11,7.0
2014-04-14,7.0
2014-04-15,7.0
2014-04-16,7.0
2014-04-17,7.0
2014-04-18,7.0
2014-04-21,7.0
2014-04-22,7.0
2014-04-23,7.0
2014-04-24,7.0
2014-04-25,7.0
2014-04-28,7.5
2014-04-29,7.5
2014-04-30,7.5
2014-05-05,7.5
2014-05-06,7.5
2014-05-07,7.5
2014-05-08,7.5
2014-05-12,7.5
2014-05-13,7.5
2014-05-14,7.5
2014-05-15,7.5
2014-05-16,7.5
2014-05-19,7.5
2014-05-20,7.5
2014-05-21,7.5
2014-05-22,7.5
2014-05-23,7.5
2014-05-26,7.5
2014-05-27,7.5
2014-05-28,7.5
2014-05-29,7.5
2014-05-30,7.5
2014-06-02,7.5
2014-06-03,7.5
2014-06-04,7.5
2014-06-05,7.5
2014-06-06,7.5
2014-06-09,7.5
2014-06-10,7.5
2014-06-11,7.5
2014-06-16,7.5
2014-06-17,7.5
2014-06-18,7.5
2014-06-19,7.5
2014-06-20,7.5
2014-06-23,7.5
2014-06-24,7.5
2014-06-25,7.5
2014-06-26,7.5
2014-06-27,7.5
2014-06-30,7.5
2014-07-01,7.5
2014-07-02,7.5
2014-07-03,7.5
2014-07-04,7.5
2014-07-07,7.5
2014-07-08,7.5
2014-07-09,7.5
2014-07-10,7.5
2014-07-11,7.5
2014-07-14,7.5
2014-07-15,7.5
2014-07-16,7.5
2014-07-17,7.5
2014-07-18,7.5
2014-07-21,7.5
2014-07-22,7.5
2014-07-23,7.5
2014-07-24,7.5
2014-07-25,7.5
2014-07-28,8.0
2014-07-29,8.0
2014-07-30,8.0
2014-07-31,8.0
2014-08-01,8.0
2014-08-04,8.0
2014-08-05,8.0
2014-08-06,8.0
2014-08-07,8.0
2014-08-08,8.0
2014-08-11,8.0
2014-08-12,8.0
2014-08-13,8.0
2014-08-14,8.0
2014-08-15,8.0
2014-08-18,8.0
2014-08-19,8.0
2014-08-20,8.0
2014-08-21,8.0
2014-08-22,8.0
2014-08-25,8.0
2014-08-26,8.0
2014-08-27,8.0
2014-08-28,8.0
2014-08-29,8.0
2014-09-01,8.0
2014-09-02,8.0
2014-09-03,8.0
2014-09-04,8.0
2014-09-05,8.0
2014-09-08,8.0
2014-09-09,8.0
2014-09-10,8.0
2014-09-11,8.0
2014-09-12,8.0
2014-09-15,8.0
2014-09-16,8.0
2014-09-17,8.0
2014-09-18,8.0
2014-09-19,8.0
2014-09-22,8.0
2014-09-23,8.0
2014-09-24,8.0
2014-09-25,8.0
2014-09-26,8.0
2014-09-29,8.0
2014-09-30,8.0
2014-10-01,8.0
2014-10-02,8.0
2014-10-03,8.0
2014-10-06,8.0
2014-10-07,8.0
2014-10-08,8.0
2014-10-09,8.0
2014-10-10,8.0
2014-10-13,8.0
2014-10-14,8.0
2014-10-15,8.0
2014-10-16,8.0
2014-10-17,8.0
2014-10-20,8.0
2014-10-21,8.0
2014-10-22,8.0
2014-10-23,8.0
2014-10-24,8.0
2014-10-27,8.0
2014-10-28,8.0
2014-10-29,8.0
2014-10-30,8.0
2014-10-31,8.0
2014-11-05,9.5
2014-11-06,9.5
2014-11-07,9.5
2014-11-10,9.5
2014-11-11,9.5
2014-11-12,9.5
2014-11-13,9.5
2014-11-14,9.5
2014-11-17,9.5
2014-11-18,9.5
2014-11-19,9.5
2014-11-20,9.5
2014-11-21,9.5
2014-11-24,9.5
2014-11-25,9.5
2014-11-26,9.5
2014-11-27,9.5
2014-11-28,9.5
2014-12-01,9.5
2014-12-02,9.5
2014-12-03,9.5
2014-12-04,9.5
2014-12-05,9.5
2014-12-08,9.5
2014-12-09,9.5
2014-12-10,9.5
2014-12-11,9.5
2014-12-12,10.5
2014-12-15,10.5
2014-12-16,10.5
2014-12-17,10.5
2014-12-18,10.5
2014-12-19,10.5
2014-12-22,10.5
2014-12-23,10.5
2014-12-24,10.5
2014-12-25,10.5
2014-12-26,10.5
2014-12-29,10.5
2014-12-30,10.5
2014-12-31,10.5
2015-01-12,10.5
2015-01-13,15.0
2015-01-14,15.0
2015-01-15,15.0
2015-01-16,15.0
2015-01-19,15.0
2015-01-20,15.0
2015-01-21,15.0
2015-01-22,15.0
2015-01-23,15.0
2015-01-26,15.0
2015-01-27,15.0
2015-01-28,15.0
2015-01-29,15.0
2015-01-30,15.0
2015-02-02,15.0
2015-02-03,15.0
2015-02-04,15.0
2015-02-05,15.0
2015-02-06,15.0
2015-02-09,15.0
2015-02-10,15.0
2015-02-11,15.0
2015-02-12,15.0
2015-02-13,15.0
2015-02-16,15.0
2015-02-17,15.0
2015-02-18,15.0
2015-02-19,15.0
2015-02-20,15.0
2015-02-24,15.0
2015-02-25,15.0
2015-02-26,15.0
2015-02-27,15.0
2015-03-02,15.0
2015-03-03,15.0
2015-03-04,15.0
2015-03-05,15.0
2015-03-06,15.0
2015-03-10,15.0
2015-03-11,15.0
2015-03-12,15.0
2015-03-13,15.0
2015-03-16,14.0
2015-03-17,14.0
2015-03-18,14.0
2015-03-19,14.0
2015-03-20,14.0
2015-03-23,14.0
2015-03-24,14.0
2015-03-25,14.0
2015-03-26,14.0
2015-03-27,14.0
2015-03-30,14.0
2015-03-31,14.0
2015-04-01,14.0
2015-04-02,14.0
2015-04-03,14.0
2015-04-06,14.0
2015-04-07,14.0
2015-04-08,14.0
2015-04-09,14.0
2015-04-10,14.0
2015-04-13,14.0
2015-04-14,14.0
2015-04-15,14.0
2015-04-16,14.0
2015-04-17,14.0
2015-04-20,14.0
2015-04-21,14.0
2015-04-22,14.0
2015-04-23,14.0
2015-04-24,14.0
2015-04-27,14.0
2015-04-28,14.0
2015-04-29,14.0
2015-04-30,14.0
2015-05-01,14.0
2015-05-05,12.5
2015-05-06,12.5
2015-05-07,12.5
2015-05-08,12.5
2015-05-12,12.5
2015-05-13,12.5
2015-05-14,12.5
2015-05-15,12.5
2015-05-18,12.5
2015-05-19,12.5
2015-05-20,12.5
2015-05-21,12.5
2015-05-22,12.5
2015-05-25,12.5
2015-05-26,12.5
2015-05-27,12.5
2015-05-28,12.5
2015-05-29,12.5
2015-06-01,12.5
2015-06-02,12.5
2015-06-03,12.5
2015-06-04,12.5
2015-06-05,12.5
2015-06-08,12.5
2015-06-09,12.5
2015-06-10,12.5
2015-06-11,12.5
2015-06-15,12.5
2015-06-16,11.5
2015-06-17,11.5
2015-06-18,11.5
2015-06-19,11.5
2015-06-22,11.5
2015-06-23,11.5
2015-06-24,11.5
2015-06-25,11.5
2015-06-26,11.5
2015-06-29,11.5
2015-06-30,11.5
2015-07-01,11.5
2015-07-02,11.5
2015-07-03,11.5
2015-07-06,11.5
2015-07-07,11.5
2015-07-08,11.5
2015-07-09,11.5
2015-07-10,11.5
2015-07-13,11.5
2015-07-14,11.5
2015-07-15,11.5
2015-07-16,11.5
2015-07-17,11.5
2015-07-20,11.5
2015-07-21,11.5
2015-07-22,11.5
2015-07-23,11.5
2015-07-24,11.5
2015-07-27,11.5
2015-07-28,11.5
2015-07-29,11.5
2015-07-30,11.5
2015-07-31,11.5
2015-08-03,11.0
2015-08-04,11.0
2015-08-05,11.0
2015-08-06,11.0
2015-08-07,11.0
2015-08-10,11.0
2015-08-11,11.0
2015-08-12,11.0
2015-08-13,11.0
2015-08-14,11.0
2015-08-17,11.0
2015-08-18,11.0
2015-08-19,11.0
2015-08-20,11.0
2015-08-21,11.0
2015-08-24,11.0
2015-08-25,11.0
2015-08-26,11.0
2015-08-27,11.0
2015-08-28,11.0
2015-08-31,11.0
2015-09-01,11.0
2015-09-02,11.0
2015-09-03,11.0
2015-09-04,11.0
2015-09-07,11.0
2015-09-08,11.0
2015-09-09,11.0
2015-09-10,11.0
2015-09-11,11.0
2015-09-14,11.0
2015-09-15,11.0
2015-09-16,11.0
2015-09-17,11.0
2015-09-18,11.0
2015-09-21,11.0
2015-09-22,11.0
2015-09-23,11.0
2015-09-24,11.0
2015-09-25,11.0
2015-09-28,11.0
2015-09-29,11.0
2015-09-30,11.0
2015-10-01,11.0
2015-10-02,11.0
2015-10-05,11.0
2015-10-06,11.0
2015-10-07,11.0
2015-10-08,11.0
2015-10-09,11.0
2015-10-12,11.0
2015-10-13,11.0
2015-10-14,11.0
2015-10-15,11.0
2015-10-16,11.0
2015-10-19,11.0
2015-10-20,11.0
2015-10-21,11.0
2015-10-22,11.0
2015-10-23,11.0
2015-10-26,11.0
2015-10-27,11.0
2015-10-28,11.0
2015-10-29,11.0
2015-10-30,11.0
2015-11-02,11.0
2015-11-03,11.0
2015-11-05,11.0
2015-11-06,11.0
2015-11-09,11.0
2015-11-10,11.0
2015-11-11,11.0
2015-11-12,11.0
2015-11-13,11.0
2015-11-16,11.0
2015-11-17,11.0
2015-11-18,11.0
2015-11-19,11.0
2015-11-20,11.0
2015-11-23,11.0
2015-11-24,11.0
2015-11-25,11.0
2015-11-26,11.0
2015-11-27,11.0
2015-11-30,11.0
2015-12-01,11.0
2015-12-02,11.0
2015-12-03,11.0
2015-12-04,11.0
2015-12-07,11.0
2015-12-08,11.0
2015-12-09,11.0
2015-12-10,11.0
2015-12-11,11.0
2015-12-14,11.0
2015-12-15,11.0
2015-12-16,11.0
2015-12-17,11.0
2015-12-18,11.0
2015-12-21,11.0
2015-12-22,11.0
2015-12-23,11.0
2015-12-24,11.0
2015-12-25,11.0
2015-12-28,11.0
2015-12-29,11.0
2015-12-30,11.0
2015-12-31,11.0
2016-01-01,11.0
2016-01-11,11.0
2016-01-12,11.0
2016-01-13,11.0
2016-01-14,11.0
2016-01-15,11.0
2016-01-18,11.0
2016-01-19,11.0
2016-01-20,11.0
2016-01-21,11.0
2016-01-22,11.0
2016-01-25,11.0
2016-01-26,11.0
2016-01-27,11.0
2016-01-28,11.0
2016-01-29,11.0
2016-02-01,11.0
2016-02-02,11.0
2016-02-03,11.0
2016-02-04,11.0
2016-02-05,11.0
2016-02-08,11.0
2016-02-09,11.0
2016-02-10,11.0
2016-02-11,11.0
2016-02-12,11.0
2016-02-15,11.0
2016-02-16,11.0
2016-02-17,11.0
2016-02-18,11.0
2016-02-19,11.0
2016-02-20,11.0
2016-02-24,11.0
2016-02-25,11.0
2016-02-26,11.0
2016-02-29,11.0
2016-03-01,11.0
2016-03-02,11.0
2016-03-03,11.0
2016-03-04,11.0
2016-03-09,11.0
2016-03-10,11.0
2016-03-11,11.0
2016-03-14,11.0
2016-03-15,11.0
2016-03-16,11.0
2016-03-17,11.0
2016-03-18,11.0
2016-03-21,11.0
2016-03-22,11.0
2016-03-23,11.0
2016-03-24,11.0
2016-03-25,11.0
2016-03-28,11.0
2016-03-29,11.0
2016-03-30,11.0
2016-03-31,11.0
2016-04-01,11.0
2016-04-04,11.0
2016-04-05,11.0
2016-04-06,11.0
2016-04-07,11.0
2016-04-08,11.0
2016-04-11,11.0
2016-04-12,11.0
2016-04-13,11.0
2016-04-14,11.0
2016-04-15,11.0
2016-04-18,11.0
2016-04-19,11.0
2016-04-20,11.0
2016-04-21,11.0
2016-04-22,11.0
2016-04-25,11.0
2016-04-26,11.0
2016-04-27,11.0
2016-04-28,11.0
2016-04-29,11.0
2016-05-04,11.0
2016-05-05,11.0
2016-05-06,11.0
2016-05-10,11.0
2016-05-11,11.0
2016-05-12,11.0
2016-05-13,11.0
2016-05-16,11.0
2016-05-17,11.0
2016-05-18,11.0
2016-05-19,11.0
2016-05-20,11.0
2016-05-23,11.0
2016-05-24,11.0
2016-05-25,11.0
2016-05-26,11.0
2016-05-27,11.0
2016-05-30,11.0
2016-05-31,11.0
2016-06-01,11.0
2016-06-02,11.0
2016-06-03,11.0
2016-06-06,11.0
2016-06-07,11.0
2016-06-08,11.0
2016-06-09,11.0
2016-06-10,11.0
2016-06-14,10.5
2016-06-15,10.5
2016-06-16,10.5
2016-06-17,10.5
2016-06-20,10.5
2016-06-21,10.5
2016-06-22,10.5
2016-06-23,10.5
2016-06-24,10.5
2016-06-27,10.5
2016-06-28,10.5
2016-06-29,10.5
2016-06-30,10.5
2016-07-01,10.5
2016-07-04,10.5
2016-07-05,10.5
2016-07-06,10.5
2016-07-07,10.5
2016-07-08,10.5
2016-07-11,10.5
2016-07-12,10.5
2016-07-13,10.5
2016-07-14,10.5
2016-07-15,10.5
2016-07-18,10.5
2016-07-19,10.5
2016-07-20,10.5
2016-07-21,10.5
2016-07-22,10.5
2016-07-25,10.5
2016-07-26,10.5
2016-07-27,10.5
2016-07-28,10.5
2016-07-29,10.5
2016-08-01,10.5
2016-08-02,10.5
2016-08-03,10.5
2016-08-04,10.5
2016-08-05,10.5
2016-08-08,10.5
2016-08-09,10.5
2016-08-10,10.5
2016-08-11,10.5
2016-08-12,10.5
2016-08-15,10.5
2016-08-16,10.5
2016-08-17,10.5
2016-08-18,10.5
2016-08-19,10.5
2016-08-22,10.5
2016-08-23,10.5
2016-08-24,10.5
2016-08-25,10.5
2016-08-26,10.5
2016-08-29,10.5
2016-08-30,10.5
2016-08-31,10.5
2016-09-01,10.5
2016-09-02,10.5
2016-09-05,10.5
2016-09-06,10.5
2016-09-07,10.5
2016-09-08,10.5
2016-09-09,10.5
2016-09-12,10.5
2016-09-13,10.5
2016-09-14,10.5
2016-09-15,10.5
2016-09-16,10.5
2016-09-19,10.0
2016-09-20,10.0
2016-09-21,10.0
2016-09-22,10.0
2016-09-23,10.0
2016-09-26,10.0
2016-09-27,10.0
2016-09-28,10.0
2016-09-29,10.0
2016-09-30,10.0
2016-10-03,10.0
2016-10-04,10.0
2016-10-05,10.0
2016-10-06,10.0
2016-10-07,10.0
2016-10-10,10.0
2016-10-11,10.0
2016-10-12,10.0
2016-10-13,10.0
2016-10-14,10.0
2016-10-17,10.0
2016-10-18,10.0
2016-10-19,10.0
2016-10-20,10.0
2016-10-21,10.0
2016-10-24,10.0
2016-10-25,10.0
2016-10-26,10.0
2016-10-27,10.0
2016-10-28,10.0
2016-10-31,10.0
2016-11-01,10.0
2016-11-02,10.0
2016-11-03,10.0
2016-11-07,10.0
2016-11-08,10.0
2016-11-09,10.0
2016-11-10,10.0
2016-11-11,10.0
2016-11-14,10.0
2016-11-15,10.0
2016-11-16,10.0
2016-11-17,10.0
2016-11-18,10.0
2016-11-21,10.0
2016-11-22,10.0
2016-11-23,10.0
2016-11-24,10.0
2016-11-25,10.0
2016-11-28,10.0
2016-11-29,10.0
2016-11-30,10.0
2016-12-01,10.0
2016-12-02,10.0
2016-12-05,10.0
2016-12-06,10.0
2016-12-07,10.0
2016-12-08,10.0
2016-12-09,10.0
2016-12-12,10.0
2016-12-13,10.0
2016-12-14,10.0
2016-12-15,10.0
2016-12-16,10.0
2016-12-19,10.0
2016-12-20,10.0
2016-12-21,10.0
2016-12-22,10.0
2016-12-23,10.0
2016-12-26,10.0
2016-12-27,10.0
2016-12-28,10.0
2016-12-29,10.0
2016-12-30,10.0
2017-01-09,10.0
2017-01-10,10.0
2017-01-11,10.0
2017-01-12,10.0
2017-01-13,10.0
2017-01-16,10.0
2017-01-17,10.0
2017-01-18,10.0
2017-01-19,10.0
2017-01-20,10.0
2017-01-23,10.0
2017-01-24,10.0
2017-01-25,10.0
2017-01-26,10.0
2017-01-27,10.0
2017-01-30,10.0
2017-01-31,10.0
2017-02-01,10.0
2017-02-02,10.0
2017-02-03,10.0
2017-02-06,10.0
2017-02-07,10.0
2017-02-08,10.0
2017-02-09,10.0
2017-02-10,10.0
2017-02-13,10.0
2017-02-14,10.0
2017-02-15,10.0
2017-02-16,10.0
2017-02-17,10.0
2017-02-20,10.0
2017-02-21,10.0
2017-02-22,10.0
2017-02-27,10.0
2017-02-28,10.0
2017-03-01,10.0
2017-03-02,10.0
2017-03-03,10.0
2017-03-06,10.0
2017-03-07,10.0
2017-03-09,10.0
2017-03-10,10.0
2017-03-13,10.0
2017-03-14,10.0
2017-03-15,10.0
2017-03-16,10.0
2017-03-17,10.0
2017-03-20,10.0
2017-03-21,10.0
2017-03-22,10.0
2017-03-23,10.0
2017-03-24,10.0
2017-03-27,9.75
2017-03-28,9.75
2017-03-29,9.75
2017-03-30,9.75
2017-03-31,9.75
2017-04-03,9.75
2017-04-04,9.75
2017-04-05,9.75
2017-04-06,9.75
2017-04-07,9.75
2017-04-10,9.75
2017-04-11,9.75
2017-04-12,9.75
2017-04-13,9.75
2017-04-14,9.75
2017-04-17,9.75
2017-04-18,9.75
2017-04-19,9.75
2017-04-20,9.75
2017-04-21,9.75
2017-04-24,9.75
2017-04-25,9.75
2017-04-26,9.75
2017-04-27,9.75
2017-04-28,9.75
2017-05-02,9.25
2017-05-03,9.25
2017-05-04,9.25
2017-05-05,9.25
2017-05-10,9.25
2017-05-11,9.25
2017-05-12,9.25
2017-05-15,9.25
2017-05-16,9.25
2017-05-17,9.25
2017-05-18,9.25
2017-05-19,9.25
2017-05-22,9.25
2017-05-23,9.25
2017-05-24,9.25
2017-05-25,9.25
2017-05-26,9.25
2017-05-29,9.25
2017-05-30,9.25
2017-05-31,9.25
2017-06-01,9.25
2017-06-02,9.25
2017-06-05,9.25
2017-06-06,9.25
2017-06-07,9.25
2017-06-08,9.25
2017-06-09,9.25
2017-06-13,9.25
2017-06-14,9.25
2017-06-15,9.25
2017-06-16,9.25
2017-06-19,9.0
2017-06-20,9.0
2017-06-21,9.0
2017-06-22,9.0
2017-06-23,9.0
2017-06-26,9.0
2017-06-27,9.0
2017-06-28,9.0
2017-06-29,9.0
2017-06-30,9.0
2017-07-03,9.0
2017-07-04,9.0
2017-07-05,9.0
2017-07-06,9.0
2017-07-07,9.0
2017-07-10,9.0
2017-07-11,9.0
2017-07-12,9.0
2017-07-13,9.0
2017-07-14,9.0
2017-07-17,9.0
2017-07-18,9.0
2017-07-19,9.0
2017-07-20,9.0
2017-07-21,9.0
2017-07-24,9.0
2017-07-25,9.0
2017-07-26,9.0
2017-07-27,9.0
2017-07-28,9.0
2017-07-31,9.0
2017-08-01,9.0
2017-08-02,9.0
2017-08-03,9.0
2017-08-04,9.0
2017-08-07,9.0
2017-08-08,9.0
2017-08-09,9.0
2017-08-10,9.0
2017-08-11,9.0
2017-08-14,9.0
2017-08-15,9.0
2017-08-16,9.0
2017-08-17,9.0
2017-08-18,9.0
2017-08-21,9.0
2017-08-22,9.0
2017-08-23,9.0
2017-08-24,9.0
2017-08-25,9.0
2017-08-28,9.0
2017-08-29,9.0
2017-08-30,9.0
2017-08-31,9.0
2017-09-01,9.0
2017-09-04,9.0
2017-09-05,9.0
2017-09-06,9.0
2017-09-07,9.0
2017-09-08,9.0
2017-09-11,9.0
2017-09-12,9.0
2017-09-13,9.0
2017-09-14,9.0
2017-09-15,9.0
2017-09-18,8.5
2017-09-19,8.5
2017-09-20,8.5
2017-09-21,8.5
2017-09-22,8.5
2017-09-25,8.5
2017-09-26,8.5
2017-09-27,8.5
2017-09-28,8.5
2017-09-29,8.5
2017-10-02,8.5
2017-10-03,8.5
2017-10-04,8.5
2017-10-05,8.5
2017-10-06,8.5
2017-10-09,8.5
2017-10-10,8.5
2017-10-11,8.5
2017-10-12,8.5
2017-10-13,8.5
2017-10-16,8.5
2017-10-17,8.5
2017-10-18,8.5
2017-10-19,8.5
2017-10-20,8.5
2017-10-23,8.5
2017-10-24,8.5
2017-10-25,8.5
2017-10-26,8.5
2017-10-27,8.5
2017-10-30,8.25
2017-10-31,8.25
2017-11-01,8.25
2017-11-02,8.25
2017-11-03,8.25
2017-11-07,8.25
2017-11-08,8.25
2017-11-09,8.25
2017-11-10,8.25
2017-11-13,8.25
2017-11-14,8.25
2017-11-15,8.25
2017-11-16,8.25
2017-11-17,8.25
2017-11-20,8.25
2017-11-21,8.25
2017-11-22,8.25
2017-11-23,8.25
2017-11-24,8.25
2017-11-27,8.25
2017-11-28,8.25
2017-11-29,8.25
2017-11-30,8.25
2017-12-01,8.25
2017-12-04,8.25
2017-12-05,8.25
2017-12-06,8.25
2017-12-07,8.25
2017-12-08,8.25
2017-12-11,8.25
2017-12-12,8.25
2017-12-13,8.25
2017-12-14,8.25
2017-12-15,8.25
2017-12-18,7.75
2017-12-19,7.75
2017-12-20,7.75
2017-12-21,7.75
2017-12-22,7.75
2017-12-25,7.75
2017-12-26,7.75
2017-12-27,7.75
2017-12-28,7.75
2017-12-29,7.75
2018-01-09,7.75
2018-01-10,7.75
2018-01-11,7.75
2018-01-12,7.75
2018-01-15,7.75
2018-01-16,7.75
2018-01-17,7.75
2018-01-18,7.75
2018-01-19,7.75
2018-01-22,7.75
2018-01-23,7.75
2018-01-24,7.75
2018-01-25,7.75
2018-01-26,7.75
2018-01-29,7.75
2018-01-30,7.75
2018-01-31,7.75
2018-02-01,7.75
2018-02-02,7.75
2018-02-05,7.75
2018-02-06,7.75
2018-02-07,7.75
2018-02-08,7.75
2018-02-09,7.75
2018-02-12,7.5
2018-02-13,7.5
2018-02-14,7.5
2018-02-15,7.5
2018-02-16,7.5
2018-02-19,7.5
2018-02-20,7.5
2018-02-21,7.5
2018-02-22,7.5
2018-02-26,7.5
2018-02-27,7.5
2018-02-28,7.5
2018-03-01,7.5
2018-03-02,7.5
2018-03-05,7.5
2018-03-06,7.5
2018-03-07,7.5
2018-03-12,7.5
2018-03-13,7.5
2018-03-14,7.5
2018-03-15,7.5
2018-03-16,7.5
2018-03-19,7.5
2018-03-20,7.5
2018-03-21,7.5
2018-03-22,7.5
2018-03-23,7.5
2018-03-26,7.25
2018-03-27,7.25
2018-03-28,7.25
2018-03-29,7.25
2018-03-30,7.25
2018-04-02,7.25
2018-04-03,7.25
2018-04-04,7.25
2018-04-05,7.25
2018-04-06,7.25
2018-04-09,7.25
2018-04-10,7.25
2018-04-11,7.25
2018-04-12,7.25
2018-04-13,7.25
2018-04-16,7.25
2018-04-17,7.25
2018-04-18,7.25
2018-04-19,7.25
2018-04-20,7.25
2018-04-23,7.25
2018-04-24,7.25
2018-04-25,7.25
2018-04-26,7.25
2018-04-27,7.25
2018-04-28,7.25
2018-05-03,7.25
2018-05-04,7.25
2018-05-07,7.25
2018-05-08,7.25
2018-05-10,7.25
2018-05-11,7.25
2018-05-14,7.25
2018-05-15,7.25
2018-05-16,7.25
2018-05-17,7.25
2018-05-18,7.25
2018-05-21,7.25
2018-05-22,7.25
2018-05-23,7.25
2018-05-24,7.25
2018-05-25,7.25
2018-05-28,7.25
2018-05-29,7.25
2018-05-30,7.25
2018-05-31,7.25
2018-06-01,7.25
2018-06-04,7.25
2018-06-05,7.25
2018-06-06,7.25
2018-06-07,7.25
2018-06-08,7.25
2018-06-09,7.25
2018-06-13,7.25
2018-06-14,7.25
2018-06-15,7.25
2018-06-18,7.25
2018-06-19,7.25
2018-06-20,7.25
2018-06-21,7.25
2018-06-22,7.25
2018-06-25,7.25
2018-06-26,7.25
2018-06-27,7.25
2018-06-28,7.25
2018-06-29,7.25
2018-07-02,7.25
2018-07-03,7.25
2018-07-04,7.25
2018-07-05,7.25
2018-07-06,7.25
2018-07-09,7.25
2018-07-10,7.25
2018-07-11,7.25
2018-07-12,7.25
2018-07-13,7.25
2018-07-16,7.25
2018-07-17,7.25
2018-07-18,7.25
2018-07-19,7.25
2018-07-20,7.25
2018-07-23,7.25
2018-07-24,7.25
2018-07-25,7.25
2018-07-26,7.25
2018-07-27,7.25
2018-07-30,7.25
2018-07-31,7.25
2018-08-01,7.25
2018-08-02,7.25
2018-08-03,7.25
2018-08-06,7.25
2018-08-07,7.25
2018-08-08,7.25
2018-08-09,7.25
2018-08-10,7.25
2018-08-13,7.25
2018-08-14,7.25
2018-08-15,7.25
2018-08-16,7.25
2018-08-17,7.25
2018-08-20,7.25
2018-08-21,7.25
2018-08-22,7.25
2018-08-23,7.25
2018-08-24,7.25
2018-08-27,7.25
2018-08-28,7.25
2018-08-29,7.25
2018-08-30,7.25
2018-08-31,7.25
2018-09-03,7.25
2018-09-04,7.25
2018-09-05,7.25
2018-09-06,7.25
2018-09-07,7.25
2018-09-10,7.25
2018-09-11,7.25
2018-09-12,7.25
2018-09-13,7.25
2018-09-14,7.25
2018-09-17,7.5
2018-09-18,7.5
2018-09-19,7.5
2018-09-20,7.5
2018-09-21,7.5
2018-09-24,7.5
2018-09-25,7.5
2018-09-26,7.5
2018-09-27,7.5
2018-09-28,7.5
2018-10-01,7.5
2018-10-02,7.5
2018-10-03,7.5
2018-10-04,7.5
2018-10-05,7.5
2018-10-08,7.5
2018-10-09,7.5
2018-10-10,7.5
2018-10-11,7.5
2018-10-12,7.5
2018-10-15,7.5
2018-10-16,7.5
2018-10-17,7.5
2018-10-18,7.5
2018-10-19,7.5
2018-10-22,7.5
2018-10-23,7.5
2018-10-24,7.5
2018-10-25,7.5
2018-10-26,7.5
2018-10-29,7.5
2018-10-30,7.5
2018-10-31,7.5
2018-11-01,7.5
2018-11-02,7.5
2018-11-06,7.5
2018-11-07,7.5
2018-11-08,7.5
2018-11-09,7.5
2018-11-12,7.5
2018-11-13,7.5
2018-11-14,7.5
2018-11-15,7.5
2018-11-16,7.5
2018-11-19,7.5
2018-11-20,7.5
2018-11-21,7.5
2018-11-22,7.5
2018-11-23,7.5
2018-11-26,7.5
2018-11-27,7.5
2018-11-28,7.5
2018-11-29,7.5
2018-11-30,7.5
2018-12-03,7.5
2018-12-04,7.5
2018-12-05,7.5
2018-12-06,7.5
2018-12-07,7.5
2018-12-10,7.5
2018-12-11,7.5
2018-12-12,7.5
2018-12-13,7.5
2018-12-14,7.5
2018-12-17,7.75
2018-12-18,7.75
2018-12-19,7.75
2018-12-20,7.75
2018-12-21,7.75
2018-12-24,7.75
2018-12-25,7.75
2018-12-26,7.75
2018-12-27,7.75
2018-12-28,7.75
2019-01-09,7.75
2019-01-10,7.75
2019-01-11,7.75
2019-01-14,7.75
2019-01-15,7.75
2019-01-16,7.75
2019-01-17,7.75
2019-01-18,7.75
2019-01-21,7.75
2019-01-22,7.75
2019-01-23,7.75
2019-01-24,7.75
2019-01-25,7.75
2019-01-28,7.75
2019-01-29,7.75
2019-01-30,7.75
2019-01-31,7.75
2019-02-01,7.75
2019-02-04,7.75
2019-02-05,7.75
2019-02-06,7.75
2019-02-07,7.75
2019-02-08,7.75
2019-02-11,7.75
2019-02-12,7.75
2019-02-13,7.75
2019-02-14,7.75
2019-02-15,7.75
2019-02-18,7.75
2019-02-19,7.75
2019-02-20,7.75
2019-02-21,7.75
2019-02-22,7.75
2019-02-25,7.75
2019-02-26,7.75
2019-02-27,7.75
2019-02-28,7.75
2019-03-01,7.75
2019-03-04,7.75
2019-03-05,7.75
2019-03-06,7.75
2019-03-07,7.75
2019-03-11,7.75
2019-03-12,7.75
2019-03-13,7.75
2019-03-14,7.75
2019-03-15,7.75
2019-03-18,7.75
2019-03-19,7.75
2019-03-20,7.75
2019-03-21,7.75
2019-03-22,7.75
2019-03-25,7.75
2019-03-26,7.75
2019-03-27,7.75
2019-03-28,7.75
2019-03-29,7.75
2019-04-01,7.75
2019-04-02,7.75
2019-04-03,7.75
2019-04-04,7.75
2019-04-05,7.75
2019-04-08,7.75
2019-04-09,7.75
2019-04-10,7.75
2019-04-11,7.75
2019-04-12,7.75
2019-04-15,7.75
2019-04-16,7.75
2019-04-17,7.75
2019-04-18,7.75
2019-04-19,7.75
2019-04-22,7.75
2019-04-23,7.75
2019-04-24,7.75
2019-04-25,7.75
2019-04-26,7.75
2019-04-29,7.75
2019-04-30,7.75
2019-05-06,7.75
2019-05-07,7.75
2019-05-08,7.75
2019-05-13,7.75
2019-05-14,7.75
2019-05-15,7.75
2019-05-16,7.75
2019-05-17,7.75
2019-05-20,7.75
2019-05-21,7.75
2019-05-22,7.75
2019-05-23,7.75
2019-05-24,7.75
2019-05-27,7.75
2019-05-28,7.75
2019-05-29,7.75
2019-05-30,7.75
2019-05-31,7.75
2019-06-03,7.75
2019-06-04,7.75
2019-06-05,7.75
2019-06-06,7.75
2019-06-07,7.75
2019-06-10,7.75
2019-06-11,7.75
2019-06-12,7.75
2019-06-13,7.75
2019-06-14,7.75
2019-06-17,7.5
2019-06-18,7.5
2019-06-19,7.5
2019-06-20,7.5
2019-06-21,7.5
2019-06-24,7.5
2019-06-25,7.5
2019-06-26,7.5
2019-06-27,7.5
2019-06-28,7.5
2019-07-01,7.5
2019-07-02,7.5
2019-07-03,7.5
2019-07-04,7.5
2019-07-05,7.5
2019-07-08,7.5
2019-07-09,7.5
2019-07-10,7.5
2019-07-11,7.5
2019-07-12,7.5
2019-07-15,7.5
2019-07-16,7.5
2019-07-17,7.5
2019-07-18,7.5
2019-07-19,7.5
2019-07-22,7.5
2019-07-23,7.5
2019-07-24,7.5
2019-07-25,7.5
2019-07-26,7.5
2019-07-29,7.25
2019-07-30,7.25
2019-07-31,7.25
2019-08-01,7.25
2019-08-02,7.25
2019-08-05,7.25
2019-08-06,7.25
2019-08-07,7.25
2019-08-08,7.25
2019-08-09,7.25
2019-08-12,7.25
2019-08-13,7.25
2019-08-14,7.25
2019-08-15,7.25
2019-08-16,7.25
2019-08-19,7.25
2019-08-20,7.25
2019-08-21,7.25
2019-08-22,7.25
2019-08-23,7.25
2019-08-26,7.25
2019-08-27,7.25
2019-08-28,7.25
2019-08-29,7.25
2019-08-30,7.25
2019-09-02,7.25
2019-09-03,7.25
2019-09-04,7.25
2019-09-05,7.25
2019-09-06,7.25
2019-09-09,7.0
2019-09-10,7.0
2019-09-11,7.0
2019-09-12,7.0
2019-09-13,7.0
2019-09-16,7.0
2019-09-17,7.0
2019-09-18,7.0
2019-09-19,7.0
2019-09-20,7.0
2019-09-23,7.0
2019-09-24,7.0
2019-09-25,7.0
2019-09-26,7.0
2019-09-27,7.0
2019-09-30,7.0
2019-10-01,7.0
2019-10-02,7.0
2019-10-03,7.0
2019-10-04,7.0
2019-10-07,7.0
2019-10-08,7.0
2019-10-09,7.0
2019-10-10,7.0
2019-10-11,7.0
2019-10-14,7.0
2019-10-15,7.0
2019-10-16,7.0
2019-10-17,7.0
2019-10-18,7.0
2019-10-21,7.0
2019-10-22,7.0
2019-10-23,7.0
2019-10-24,7.0
2019-10-25,7.0
2019-10-28,6.5
2019-10-29,6.5
2019-10-30,6.5
2019-10-31,6.5
2019-11-01,6.5
2019-11-05,6.5
2019-11-06,6.5
2019-11-07,6.5
2019-11-08,6.5
2019-11-11,6.5
2019-11-12,6.5
2019-11-13,6.5
2019-11-14,6.5
2019-11-15,6.5
2019-11-18,6.5
2019-11-19,6.5
2019-11-20,6.5
2019-11-21,6.5
2019-11-22,6.5
2019-11-25,6.5
2019-11-26,6.5
2019-11-27,6.5
2019-11-28,6.5
2019-11-29,6.5
2019-12-02,6.5
2019-12-03,6.5
2019-12-04,6.5
2019-12-05,6.5
2019-12-06,6.5
2019-12-09,6.5
2019-12-10,6.5
2019-12-11,6.5
2019-12-12,6.5
2019-12-13,6.5
2019-12-16,6.25
2019-12-17,6.25
2019-12-18,6.25
2019-12-19,6.25
2019-12-20,6.25
2019-12-23,6.25
2019-12-24,6.25
2019-12-25,6.25
2019-12-26,6.25
2019-12-27,6.25
2019-12-30,6.25
2019-12-31,6.25
2020-01-03,6.25
2020-01-06,6.25
2020-01-08,6.25
2020-01-09,6.25
2020-01-10,6.25
2020-01-13,6.25
2020-01-14,6.25
2020-01-15,6.25
2020-01-16,6.25
2020-01-17,6.25
2020-01-20,6.25
2020-01-21,6.25
2020-01-22,6.25
2020-01-23,6.25
2020-01-24,6.25
2020-01-27,6.25
2020-01-28,6.25
2020-01-29,6.25
2020-01-30,6.25
2020-01-31,6.25
2020-02-03,6.25
2020-02-04,6.25
2020-02-05,6.25
2020-02-06,6.25
2020-02-07,6.25
2020-02-10,6.0
2020-02-11,6.0
2020-02-12,6.0
2020-02-13,6.0
2020-02-14,6.0
2020-02-17,6.0
2020-02-18,6.0
2020-02-19,6.0
2020-02-20,6.0
2020-02-21,6.0
2020-02-25,6.0
2020-02-26,6.0
2020-02-27,6.0
2020-02-28,6.0
2020-03-02,6.0
2020-03-03,6.0
2020-03-04,6.0
2020-03-05,6.0
2020-03-06,6.0
2020-03-10,6.0
2020-03-11,6.0
2020-03-12,6.0
2020-03-13,6.0
2020-03-16,6.0
2020-03-17,6.0
2020-03-18,6.0
2020-03-19,6.0
2020-03-20,6.0
2020-03-23,6.0
2020-03-24,6.0
2020-03-25,6.0
2020-03-26,6.0
2020-03-27,6.0
2020-03-30,6.0
2020-03-31,6.0
2020-04-01,6.0
2020-04-02,6.0
2020-04-03,6.0
2020-04-06,6.0
2020-04-07,6.0
2020-04-08,6.0
2020-04-09,6.0
2020-04-10,6.0
2020-04-13,6.0
2020-04-14,6.0
2020-04-15,6.0
2020-04-16,6.0
2020-04-17,6.0
2020-04-20,6.0
2020-04-21,6.0
2020-04-22,6.0
2020-04-23,6.0
2020-04-24,6.0
2020-04-27,5.5
2020-04-28,5.5
2020-04-29,5.5
2020-04-30,5.5
2020-05-04,5.5
2020-05-05,5.5
2020-05-06,5.5
2020-05-07,5.5
2020-05-08,5.5
2020-05-12,5.5
2020-05-13,5.5
2020-05-14,5.5
2020-05-15,5.5
2020-05-18,5.5
2020-05-19,5.5
2020-05-20,5.5
2020-05-21,5.5
2020-05-22,5.5
2020-05-25,5.5
2020-05-26,5.5
2020-05-27,5.5
2020-05-28,5.5
2020-05-29,5.5
2020-06-01,5.5
2020-06-02,5.5
2020-06-03,5.5
2020-06-04,5.5
2020-06-05,5.5
2020-06-08,5.5
2020-06-09,5.5
2020-06-10,5.5
2020-06-11,5.5
2020-06-15,5.5
2020-06-16,5.5
2020-06-17,5.5
2020-06-18,5.5
2020-06-19,5.5
2020-06-22,4.5
2020-06-23,4.5
2020-06-25,4.5
2020-06-26,4.5
2020-06-29,4.5
2020-06-30,4.5
2020-07-02,4.5
2020-07-03,4.5
2020-07-06,4.5
2020-07-07,4.5
2020-07-08,4.5
2020-07-09,4.5
2020-07-10,4.5
2020-07-13,4.5
2020-07-14,4.5
2020-07-15,4.5
2020-07-16,4.5
2020-07-17,4.5
2020-07-20,4.5
2020-07-21,4.5
2020-07-22,4.5
2020-07-23,4.5
2020-07-24,4.5
2020-07-27,4.25
2020-07-28,4.25
2020-07-29,4.25
2020-07-30,4.25
2020-07-31,4.25
2020-08-03,4.25
2020-08-04,4.25
2020-08-05,4.25
2020-08-06,4.25
2020-08-07,4.25
2020-08-10,4.25
2020-08-11,4.25
2020-08-12,4.25
2020-08-13,4.25
2020-08-14,4.25
2020-08-17,4.25
2020-08-18,4.25
2020-08-19,4.25
2020-08-20,4.25
2020-08-21,4.25
2020-08-24,4.25
2020-08-25,4.25
2020-08-26,4.25
2020-08-27,4.25
2020-08-28,4.25
2020-08-31,4.25
2020-09-01,4.25
2020-09-02,4.25
2020-09-03,4.25
2020-09-04,4.25
2020-09-07,4.25
2020-09-08,4.25
2020-09-09,4.25
2020-09-10,4.25
2020-09-11,4.25
2020-09-14,4.25
2020-09-15,4.25
2020-09-16,4.25
2020-09-17,4.25
2020-09-18,4.25
2020-09-21,4.25
2020-09-22,4.25
2020-09-23,4.25
2020-09-24,4.25
2020-09-25,4.25
2020-09-28,4.25
2020-09-29,4.25
2020-09-30,4.25
2020-10-01,4.25
2020-10-02,4.25
2020-10-05,4.25
2020-10-06,4.25
2020-10-07,4.25
2020-10-08,4.25
2020-10-09,4.25
2020-10-12,4.25
2020-10-13,4.25
2020-10-14,4.25
2020-10-15,4.25
2020-10-16,4.25
2020-10-19,4.25
2020-10-20,4.25
2020-10-21,4.25
2020-10-22,4.25
2020-10-23,4.25
2020-10-26,4.25
2020-10-27,4.25
2020-10-28,4.25
2020-10-29,4.25
2020-10-30,4.25
2020-11-02,4.25
2020-11-03,4.25
2020-11-05,4.25
2020-11-06,4.25
2020-11-09,4.25
2020-11-10,4.25
2020-11-11,4.25
2020-11-12,4.25
2020-11-13,4.25
2020-11-16,4.25
2020-11-17,4.25
2020-11-18,4.25
2020-11-19,4.25
2020-11-20,4.25
2020-11-23,4.25
2020-11-24,4.25
2020-11-25,4.25
2020-11-26,4.25
2020-11-27,4.25
2020-11-30,4.25
2020-12-01,4.25
2020-12-02,4.25
2020-12-03,4.25
2020-12-04,4.25
2020-12-07,4.25
2020-12-08,4.25
2020-12-09,4.25
2020-12-10,4.25
2020-12-11,4.25
2020-12-14,4.25
2020-12-15,4.25
2020-12-16,4.25
2020-12-17,4.25
2020-12-18,4.25
2020-12-21,4.25
2020-12-22,4.25
2020-12-23,4.25
2020-12-24,4.25
2020-12-25,4.25
2020-12-28,4.25
2020-12-29,4.25
2020-12-30,4.25
2020-12-31,4.25
2021-01-04,4.25
2021-01-05,4.25
2021-01-06,4.25
2021-01-08,4.25
2021-01-11,4.25
2021-01-12,4.25
2021-01-13,4.25
2021-01-14,4.25
2021-01-15,4.25
2021-01-18,4.25
2021-01-19,4.25
2021-01-20,4.25
2021-01-21,4.25
2021-01-22,4.25
2021-01-25,4.25
2021-01-26,4.25
2021-01-27,4.25
2021-01-28,4.25
2021-01-29,4.25
2021-02-01,4.25
2021-02-02,4.25
2021-02-03,4.25
2021-02-04,4.25
2021-02-05,4.25
2021-02-08,4.25
2021-02-09,4.25
2021-02-10,4.25
2021-02-11,4.25
2021-02-12,4.25
2021-02-15,4.25
2021-02-16,4.25
2021-02-17,4.25
2021-02-18,4.25
2021-02-19,4.25
2021-02-20,4.25
2021-02-22,4.25
2021-02-24,4.25
2021-02-25,4.25
2021-02-26,4.25
2021-03-01,4.25
2021-03-02,4.25
2021-03-03,4.25
2021-03-04,4.25
2021-03-05,4.25
2021-03-09,4.25
2021-03-10,4.25
2021-03-11,4.25
2021-03-12,4.25
2021-03-15,4.25
2021-03-16,4.25
2021-03-17,4.25
2021-03-18,4.25
2021-03-19,4.25
2021-03-22,4.5
2021-03-23,4.5
2021-03-24,4.5
2021-03-25,4.5
2021-03-26,4.5
2021-03-29,4.5
2021-03-30,4.5
2021-03-31,4.5
2021-04-01,4.5
2021-04-02,4.5
2021-04-05,4.5
2021-04-06,4.5
2021-04-07,4.5
2021-04-08,4.5
2021-04-09,4.5
2021-04-12,4.5
2021-04-13,4.5
2021-04-14,4.5
2021-04-15,4.5
2021-04-16,4.5
2021-04-19,4.5
2021-04-20,4.5
2021-04-21,4.5
2021-04-22,4.5
2021-04-23,4.5
2021-04-26,5.0
2021-04-27,5.0
2021-04-28,5.0
2021-04-29,5.0
2021-04-30,5.0
2021-05-04,5.0
2021-05-05,5.0
2021-05-06,5.0
2021-05-07,5.0
2021-05-11,5.0
2021-05-12,5.0
2021-05-13,5.0
2021-05-14,5.0
2021-05-17,5.0
2021-05-18,5.0
2021-05-19,5.0
2021-05-20,5.0
2021-05-21,5.0
2021-05-24,5.0
2021-05-25,5.0
2021-05-26,5.0
2021-05-27,5.0
2021-05-28,5.0
2021-05-31,5.0
2021-06-01,5.0
2021-06-02,5.0
2021-06-03,5.0
2021-06-04,5.0
2021-06-07,5.0
2021-06-08,5.0
2021-06-09,5.0
2021-06-10,5.0
2021-06-11,5.0
2021-06-14,5.0
2021-06-15,5.5
2021-06-16,5.5
2021-06-17,5.5
2021-06-18,5.5
2021-06-21,5.5
2021-06-22,5.5
2021-06-23,5.5
2021-06-24,5.5
2021-06-25,5.5
2021-06-28,5.5
2021-06-29,5.5
2021-06-30,5.5
2021-07-01,5.5
2021-07-02,5.5
2021-07-05,5.5
2021-07-06,5.5
2021-07-07,5.5
2021-07-08,5.5
2021-07-09,5.5
2021-07-12,5.5
2021-07-13,5.5
2021-07-14,5.5
2021-07-15,5.5
2021-07-16,5.5
2021-07-19,5.5
2021-07-20,5.5
2021-07-21,5.5
2021-07-22,5.5
2021-07-23,5.5
2021-07-26,6.5
2021-07-27,6.5
2021-07-28,6.5
2021-07-29,6.5
2021-07-30,6.5
2021-08-02,6.5
2021-08-03,6.5
2021-08-04,6.5
2021-08-05,6.5
2021-08-06,6.5
2021-08-09,6.5
2021-08-10,6.5
2021-08-11,6.5
2021-08-12,6.5
2021-08-13,6.5
2021-08-16,6.5
2021-08-17,6.5
2021-08-18,6.5
2021-08-19,6.5
2021-08-20,6.5
2021-08-23,6.5
2021-08-24,6.5
2021-08-25,6.5
2021-08-26,6.5
2021-08-27,6.5
2021-08-30,6.5
2021-08-31,6.5
2021-09-01,6.5
2021-09-02,6.5
2021-09-03,6.5
2021-09-06,6.5
2021-09-07,6.5
2021-09-08,6.5
2021-09-09,6.5
2021-09-10,6.5
2021-09-13,6.75
2021-09-14,6.75
2021-09-15,6.75
2021-09-16,6.75
2021-09-17,6.75
2021-09-20,6.75
2021-09-21,6.75
2021-09-22,6.75
2021-09-23,6.75
2021-09-24,6.75
2021-09-27,6.75
2021-09-28,6.75
2021-09-29,6.75
2021-09-30,6.75
2021-10-01,6.75
2021-10-04,6.75
2021-10-05,6.75
2021-10-06,6.75
2021-10-07,6.75
2021-10-08,6.75
2021-10-11,6.75
2021-10-12,6.75
2021-10-13,6.75
2021-10-14,6.75
2021-10-15,6.75
2021-10-18,6.75
2021-10-19,6.75
2021-10-20,6.75
2021-10-21,6.75
2021-10-22,6.75
2021-10-25,7.5
2021-10-26,7.5
2021-10-27,7.5
2021-10-28,7.5
2021-10-29,7.5
2021-11-01,7.5
2021-11-02,7.5
2021-11-03,7.5
2021-11-05,7.5
2021-11-08,7.5
2021-11-09,7.5
2021-11-10,7.5
2021-11-11,7.5
2021-11-12,7.5
2021-11-15,7.5
2021-11-16,7.5
2021-11-17,7.5
2021-11-18,7.5
2021-11-19,7.5
2021-11-22,7.5
2021-11-23,7.5
2021-11-24,7.5
2021-11-25,7.5
2021-11-26,7.5
2021-11-29,7.5
2021-11-30,7.5
2021-12-01,7.5
2021-12-02,7.5
2021-12-03,7.5
2021-12-06,7.5
2021-12-07,7.5
2021-12-08,7.5
2021-12-09,7.5
2021-12-10,7.5
2021-12-13,7.5
2021-12-14,7.5
2021-12-15,7.5
2021-12-16,7.5
2021-12-17,7.5
2021-12-20,8.5
2021-12-21,8.5
2021-12-22,8.5
2021-12-23,8.5
2021-12-24,8.5
2021-12-27,8.5
2021-12-28,8.5
2021-12-29,8.5
2021-12-30,8.5
2022-01-03,8.5
2022-01-04,8.5
2022-01-05,8.5
2022-01-06,8.5
2022-01-10,8.5
2022-01-11,8.5
2022-01-12,8.5
2022-01-13,8.5
2022-01-14,8.5
2022-01-17,8.5
2022-01-18,8.5
2022-01-19,8.5
2022-01-20,8.5
2022-01-21,8.5
2022-01-24,8.5
2022-01-25,8.5
2022-01-26,8.5
2022-01-27,8.5
2022-01-28,8.5
2022-01-31,8.5
2022-02-01,8.5
2022-02-02,8.5
2022-02-03,8.5
2022-02-04,8.5
2022-02-07,8.5
2022-02-08,8.5
2022-02-09,8.5
2022-02-10,8.5
2022-02-11,8.5
2022-02-14,9.5
2022-02-15,9.5
2022-02-16,9.5
2022-02-17,9.5
2022-02-18,9.5
2022-02-21,9.5
2022-02-22,9.5
2022-02-23,9.5
2022-02-24,9.5
2022-02-25,9.5
2022-02-28,9.5
2022-03-01,9.5
2022-03-02,9.5
2022-03-03,9.5
2022-03-04,9.5
2022-03-05,9.5
2022-03-09,9.5
2022-03-10,9.5
2022-03-11,9.5
2022-03-14,9.5
2022-03-15,9.5
2022-03-16,9.5
2022-03-17,9.5
2022-03-18,9.5
2022-03-21,9.5
2022-03-22,9.5
2022-03-23,9.5
2022-03-24,9.5
2022-03-25,9.5
2022-03-28,9.5
2022-03-29,9.5
2022-03-30,9.5
2022-03-31,14.0
2022-04-01,14.0
2022-04-04,14.0
2022-04-05,14.0
2022-04-06,14.0
2022-04-07,14.0
2022-04-08,14.0
2022-04-11,14.0
2022-04-12,14.0
2022-04-13,14.0
2022-04-14,14.0
2022-04-15,14.0
2022-04-18,14.0
2022-04-19,14.0
2022-04-20,14.0
2022-04-21,14.0
2022-04-22,14.0
2022-04-25,14.0
2022-04-26,14.0
2022-04-27,14.0
2022-04-28,14.0
2022-04-29,14.0
2022-05-04,14.0
2022-05-05,14.0
2022-05-06,14.0
2022-05-11,14.0
2022-05-12,14.0
2022-05-13,14.0
2022-05-16,14.0
2022-05-17,14.0
2022-05-18,14.0
2022-05-19,14.0
2022-05-20,14.0
2022-05-23,14.0
2022-05-24,14.0
2022-05-25,14.0
2022-05-26,14.0
2022-05-27,11.0
2022-05-30,11.0
2022-05-31,11.0
2022-06-01,11.0
2022-06-02,11.0
2022-06-03,11.0
2022-06-06,11.0
2022-06-07,11.0
2022-06-08,11.0
2022-06-09,11.0
2022-06-10,11.0
2022-06-14,9.5
2022-06-15,9.5
2022-06-16,9.5
2022-06-17,9.5
2022-06-20,9.5
2022-06-21,9.5
2022-06-22,9.5
2022-06-23,9.5
2022-06-24,9.5
2022-06-27,9.5
2022-06-28,9.5
2022-06-29,9.5
2022-06-30,9.5
2022-07-01,9.5
2022-07-04,9.5
2022-07-05,9.5
2022-07-06,9.5
2022-07-07,9.5
2022-07-08,9.5
2022-07-11,9.5
2022-07-12,9.5
2022-07-13,9.5
2022-07-14,9.5
2022-07-15,9.5
2022-07-18,9.5
2022-07-19,9.5
2022-07-20,9.5
2022-07-21,9.5
2022-07-22,9.5
2022-07-25,8.0
2022-07-26,8.0
2022-07-27,8.0
2022-07-28,8.0
2022-07-29,8.0
2022-08-01,8.0
2022-08-02,8.0
2022-08-03,8.0
2022-08-04,8.0
2022-08-05,8.0
2022-08-08,8.0
2022-08-09,8.0
2022-08-10,8.0
2022-08-11,8.0
2022-08-12,8.0
2022-08-15,8.0
2022-08-16,8.0
2022-08-17,8.0
2022-08-18,8.0
2022-08-19,8.0
2022-08-22,8.0
2022-08-23,8.0
2022-08-24,8.0
2022-08-25,8.0
2022-08-26,8.0
2022-08-29,8.0
2022-08-30,8.0
2022-08-31,8.0
2022-09-01,8.0
2022-09-02,8.0
2022-09-05,8.0
2022-09-06,8.0
2022-09-07,8.0
2022-09-08,8.0
2022-09-09,8.0
2022-09-12,8.0
2022-09-13,8.0
2022-09-14,8.0
2022-09-15,8.0
2022-09-16,8.0
2022-09-19,7.5
2022-09-20,7.5
2022-09-21,7.5
2022-09-22,7.5
2022-09-23,7.5
2022-09-26,7.5
2022-09-27,7.5
2022-09-28,7.5
2022-09-29,7.5
2022-09-30,7.5
2022-10-03,7.5
2022-10-04,7.5
2022-10-05,7.5
2022-10-06,7.5
2022-10-07,7.5
2022-10-10,7.5
2022-10-11,7.5
2022-10-12,7.5
2022-10-13,7.5
2022-10-14,7.5
2022-10-17,7.5
2022-10-18,7.5
2022-10-19,7.5
2022-10-20,7.5
2022-10-21,7.5
2022-10-24,7.5
2022-10-25,7.5
2022-10-26,7.5
2022-10-27,7.5
2022-10-28,7.5
2022-10-31,7.5
2022-11-01,7.5
2022-11-02,7.5
2022-11-03,7.5
2022-11-07,7.5
2022-11-08,7.5
2022-11-09,7.5
2022-11-10,7.5
2022-11-11,7.5
2022-11-14,7.5
2022-11-15,7.5
2022-11-16,7.5
2022-11-17,7.5
2022-11-18,7.5
2022-11-21,7.5
2022-11-22,7.5
2022-11-23,7.5
2022-11-24,7.5
2022-11-25,7.5
2022-11-28,7.5
2022-11-29,7.5
2022-11-30,7.5
2022-12-01,7.5
2022-12-02,7.5
2022-12-05,7.5
2022-12-06,7.5
2022-12-07,7.5
2022-12-08,7.5
2022-12-09,7.5
2022-12-12,7.5
2022-12-13,7.5
2022-12-14,7.5
2022-12-15,7.5
2022-12-16,7.5
2022-12-19,7.5
2022-12-20,7.5
2022-12-21,7.5
2022-12-22,7.5
2022-12-23,7.5
2022-12-26,7.5
2022-12-27,7.5
2022-12-28,7.5
2022-12-29,7.5
2022-12-30,7.5
2023-01-03,7.5
2023-01-04,7.5
2023-01-05,7.5
2023-01-06,7.5
2023-01-09,7.5
2023-01-10,7.5
2023-01-11,7.5
2023-01-12,7.5
2023-01-13,7.5
2023-01-16,7.5
2023-01-17,7.5
2023-01-18,7.5
2023-01-19,7.5
2023-01-20,7.5
2023-01-23,7.5
2023-01-24,7.5
2023-01-25,7.5
2023-01-26,7.5
2023-01-27,7.5
2023-01-30,7.5
2023-01-31,7.5
2023-02-01,7.5
2023-02-02,7.5
2023-02-03,7.5
2023-02-06,7.5
2023-02-07,7.5
2023-02-08,7.5
2023-02-09,7.5
2023-02-10,7.5
2023-02-13,7.5
2023-02-14,7.5
2023-02-15,7.5
2023-02-16,7.5
2023-02-17,7.5
2023-02-20,7.5
2023-02-21,7.5
2023-02-22,7.5
2023-02-24,7.5
2023-02-27,7.5
2023-02-28,7.5
2023-03-01,7.5
2023-03-02,7.5
2023-03-03,7.5
2023-03-06,7.5
2023-03-07,7.5
2023-03-09,7.5
2023-03-10,7.5
2023-03-13,7.5
2023-03-14,7.5
2023-03-15,7.5
2023-03-16,7.5
2023-03-17,7.5
2023-03-20,7.5
2023-03-21,7.5
2023-03-22,7.5
2023-03-23,7.5
2023-03-24,7.5
2023-03-27,7.5
2023-03-28,7.5
2023-03-29,7.5
2023-03-30,7.5
2023-03-31,7.5
2023-04-03,7.5
2023-04-04,7.5
2023-04-05,7.5
2023-04-06,7.5
2023-04-07,7.5
2023-04-10,7.5
2023-04-11,7.5
2023-04-12,7.5
2023-04-13,7.5
2023-04-14,7.5
2023-04-17,7.5
2023-04-18,7.5
2023-04-19,7.5
2023-04-20,7.5
2023-04-21,7.5
2023-04-24,7.5
2023-04-25,7.5
2023-04-26,7.5
2023-04-27,7.5
2023-04-28,7.5
2023-05-02,7.5
2023-05-03,7.5
2023-05-04,7.5
2023-05-05,7.5
2023-05-08,7.5
2023-05-10,7.5
2023-05-11,7.5
2023-05-12,7.5
2023-05-15,7.5
2023-05-16,7.5
2023-05-17,7.5
2023-05-18,7.5
2023-05-19,7.5
2023-05-22,7.5
2023-05-23,7.5
2023-05-24,7.5
2023-05-25,7.5
2023-05-26,7.5
2023-05-29,7.5
2023-05-30,7.5
2023-05-31,7.5
2023-06-01,7.5
2023-06-02,7.5
2023-06-05,7.5
2023-06-06,7.5
2023-06-07,7.5
2023-06-08,7.5
2023-06-09,7.5
2023-06-13,7.5
2023-06-14,7.5
2023-06-15,7.5
2023-06-16,7.5
2023-06-19,7.5
2023-06-20,7.5
2023-06-21,7.5
2023-06-22,7.5
2023-06-23,7.5
2023-06-26,7.5
2023-06-27,7.5
2023-06-28,7.5
2023-06-29,7.5
2023-06-30,7.5
2023-07-03,7.5
2023-07-04,7.5
2023-07-05,7.5
2023-07-06,7.5
2023-07-07,7.5
2023-07-10,7.5
2023-07-11,7.5
2023-07-12,7.5
2023-07-13,7.5
2023-07-14,7.5
2023-07-17,7.5
2023-07-18,7.5
2023-07-19,7.5
2023-07-20,7.5
2023-07-21,7.5
2023-07-24,8.5
2023-07-25,8.5
2023-07-26,8.5
2023-07-27,8.5
2023-07-28,8.5
2023-07-31,8.5
2023-08-01,8.5
2023-08-02,8.5
2023-08-03,8.5
2023-08-04,8.5
2023-08-07,8.5
2023-08-08,8.5
2023-08-09,8.5
2023-08-10,8.5
2023-08-11,8.5
2023-08-14,8.5
2023-08-15,12.0
2023-08-16,12.0
2023-08-17,12.0
2023-08-18,12.0
2023-08-21,12.0
2023-08-22,12.0
2023-08-23,12.0
2023-08-24,12.0
2023-08-25,12.0
2023-08-28,12.0
2023-08-29,12.0
2023-08-30,12.0
2023-08-31,12.0
2023-09-01,12.0
2023-09-04,12.0
2023-09-05,12.0
2023-09-06,12.0
2023-09-07,12.0
2023-09-08,12.0
2023-09-11,12.0
2023-09-12,12.0
2023-09-13,12.0
2023-09-14,12.0
2023-09-15,12.0
2023-09-18,13.0
2023-09-19,13.0
2023-09-20,13.0
2023-09-21,13.0
2023-09-22,13.0
2023-09-25,13.0
2023-09-26,13.0
2023-09-27,13.0
2023-09-28,13.0
2023-09-29,13.0
2023-10-02,13.0
2023-10-03,13.0
2023-10-04,13.0
2023-10-05,13.0
2023-10-06,13.0
2023-10-09,13.0
2023-10-10,13.0
2023-10-11,13.0
2023-10-12,13.0
2023-10-13,13.0
2023-10-16,13.0
2023-10-17,13.0
2023-10-18,13.0
2023-10-19,13.0
2023-10-20,13.0
2023-10-23,13.0
2023-10-24,13.0
2023-10-25,13.0
2023-10-26,13.0
2023-10-27,13.0
2023-10-30,15.0
2023-10-31,15.0
2023-11-01,15.0
2023-11-02,15.0
2023-11-03,15.0
2023-11-06,15.0
2023-11-07,15.0
2023-11-08,15.0
2023-11-09,15.0
2023-11-10,15.0
2023-11-13,15.0
2023-11-14,15.0
2023-11-15,15.0
2023-11-16,15.0
2023-11-17,15.0
2023-11-20,15.0
2023-11-21,15.0
2023-11-22,15.0
2023-11-23,15.0
2023-11-24,15.0
2023-11-27,15.0
2023-11-28,15.0
2023-11-29,15.0
2023-11-30,15.0
2023-12-01,15.0
2023-12-04,15.0
2023-12-05,15.0
2023-12-06,15.0
2023-12-07,15.0
2023-12-08,15.0
2023-12-11,15.0
2023-12-12,15.0
2023-12-13,15.0
2023-12-14,15.0
2023-12-15,15.0
2023-12-18,16.0
2023-12-19,16.0
2023-12-20,16.0
2023-12-21,16.0
2023-12-22,16.0
2023-12-25,16.0
2023-12-26,16.0
2023-12-27,16.0
2023-12-28,16.0
2023-12-29,16.0
2024-01-03,16.0
2024-01-04,16.0
2024-01-05,16.0
2024-01-08,16.0
2024-01-09,16.0
2024-01-10,16.0
2024-01-11,16.0
2024-01-12,16.0
2024-01-15,16.0
2024-01-16,16.0
2024-01-17,16.0
2024-01-18,16.0
2024-01-19,16.0
2024-01-22,16.0
2024-01-23,16.0
2024-01-24,16.0
2024-01-25,16.0
2024-01-26,16.0
2024-01-29,16.0
2024-01-30,16.0
2024-01-31,16.0
2024-02-01,16.0
2024-02-02,16.0
2024-02-05,16.0
2024-02-06,16.0
2024-02-07,16.0
2024-02-08,16.0
2024-02-09,16.0
2024-02-12,16.0
2024-02-13,16.0
2024-02-14,16.0
2024-02-15,16.0
2024-02-16,16.0
2024-02-19,16.0
2024-02-20,16.0
2024-02-21,16.0
2024-02-22,16.0
2024-02-26,16.0
2024-02-27,16.0
2024-02-28,16.0
2024-02-29,16.0
2024-03-01,16.0
2024-03-04,16.0
2024-03-05,16.0
2024-03-06,16.0
2024-03-07,16.0
2024-03-11,16.0
2024-03-12,16.0
2024-03-13,16.0
2024-03-14,16.0
2024-03-15,16.0
2024-03-18,16.0
2024-03-19,16.0
2024-03-20,16.0
2024-03-21,16.0
2024-03-22,16.0
2024-03-25,16.0
2024-03-26,16.0
2024-03-27,16.0
2024-03-28,16.0
2024-03-29,16.0
2024-04-01,16.0
2024-04-02,16.0
2024-04-03,16.0
2024-04-04,16.0
2024-04-05,16.0
2024-04-08,16.0
2024-04-09,16.0
2024-04-10,16.0
2024-04-11,16.0
2024-04-12,16.0
2024-04-15,16.0
2024-04-16,16.0
2024-04-17,16.0
2024-04-18,16.0
2024-04-19,16.0
2024-04-22,16.0
2024-04-23,16.0
2024-04-24,16.0
2024-04-25,16.0
2024-04-26,16.0
2024-04-27,16.0
2024-04-29,16.0
2024-04-30,16.0
2024-05-02,16.0
2024-05-03,16.0
2024-05-06,16.0
2024-05-07,16.0
2024-05-08,16.0
2024-05-10,16.0
2024-05-13,16.0
2024-05-14,16.0
2024-05-15,16.0
2024-05-16,16.0
2024-05-17,16.0
2024-05-20,16.0
2024-05-21,16.0
2024-05-22,16.0
2024-05-23,16.0
2024-05-24,16.0
2024-05-27,16.0
2024-05-28,16.0
2024-05-29,16.0
2024-05-30,16.0
2024-05-31,16.0
2024-06-03,16.0
2024-06-04,16.0
2024-06-05,16.0
2024-06-06,16.0
2024-06-07,16.0
2024-06-10,16.0
2024-06-11,16.0
2024-06-13,16.0
2024-06-14,16.0
2024-06-17,16.0
2024-06-18,16.0
2024-06-19,16.0
2024-06-20,16.0
2024-06-21,16.0
2024-06-24,16.0
2024-06-25,16.0
2024-06-26,16.0
2024-06-27,16.0
2024-06-28,16.0
2024-07-01,16.0
2024-07-02,16.0
2024-07-03,16.0
2024-07-04,16.0
2024-07-05,16.0
2024-07-08,16.0
2024-07-09,16.0
2024-07-10,16.0
2024-07-11,16.0
2024-07-12,16.0
2024-07-15,16.0
2024-07-16,16.0
2024-07-17,16.0
2024-07-18,16.0
2024-07-19,16.0
2024-07-22,16.0
2024-07-23,16.0
2024-07-24,16.0
2024-07-25,16.0
2024-07-26,16.0
2024-07-29,16.0
2024-07-30,16.0
2024-07-31,16.0
2024-08-01,16.0
2024-08-02,16.0
2024-08-05,16.0
2024-08-06,16.0
2024-08-07,16.0
2024-08-08,16.0
2024-08-09,16.0
2024-08-12,16.0
2024-08-13,16.0
2024-08-14,16.0
2024-08-15,16.0
2024-08-16,16.0
2024-08-19,16.0
2024-08-20,16.0
2024-08-21,16.0
2024-08-22,16.0
2024-08-23,16.0
2024-08-26,16.0
2024-08-27,16.0
2024-08-28,16.0
2024-08-29,16.0
2024-08-30,16.0
2024-09-02,16.0
2024-09-03,16.0
2024-09-04,16.0
2024-09-05,16.0
2024-09-06,16.0
2024-09-09,16.0
2024-09-10,19.0
2024-09-11,19.0
2024-09-12,19.0
2024-09-13,19.0
2024-09-16,19.0
2024-09-17,19.0
2024-09-18,19.0
2024-09-19,19.0
2024-09-20,19.0
2024-09-23,19.0
2024-09-24,19.0
2024-09-25,19.0
2024-09-26,19.0
2024-09-27,19.0
2024-09-30,19.0
2024-10-01,19.0
2024-10-02,19.0
2024-10-03,19.0
2024-10-04,19.0
2024-10-07,19.0
2024-10-08,19.0
2024-10-09,19.0
2024-10-10,19.0
2024-10-11,19.0
2024-10-14,19.0
2024-10-15,19.0
2024-10-16,19.0
2024-10-17,19.0
2024-10-18,19.0
2024-10-21,19.0
2024-10-22,19.0
2024-10-23,19.0
2024-10-24,19.0
